<?xml version="1.0" encoding="UTF-8"?>
<project xmlns="http://maven.apache.org/POM/4.0.0" xmlns:xsi="http://www.w3.org/2001/XMLSchema-instance" xsi:schemaLocation="http://maven.apache.org/POM/4.0.0 http://maven.apache.org/maven-v4_0_0.xsd">
  <modelVersion>4.0.0</modelVersion>
  <groupId>io.github.erik99948</groupId>
  <artifactId>modloader</artifactId>
  <name>ModLoader</name>
  <version>1.1.0</version>
  <description>A universal custom content engine for PaperMC.</description>
  <url>https://github.com/Erik99948/ModLoader999</url>
  <developers>
    <developer>
      <name>Eric Taylor</name>
      <email>erik9994857gamingofficial@gmail.com</email>
      <organization>Your Organization</organization>
      <organizationUrl>http://www.example.com</organizationUrl>
    </developer>
  </developers>
  <licenses>
    <license>
      <name>MIT License</name>
      <url>https://opensource.org/licenses/MIT</url>
    </license>
  </licenses>
  <scm>
    <connection>scm:git:git://github.com/Erik99948/ModLoader999.git</connection>
    <developerConnection>scm:git:ssh://github.com:Erik99948/ModLoader999.git</developerConnection>
    <url>https://github.com/Erik99948/ModLoader999</url>
  </scm>
  <build>
    <resources>
      <resource>
        <filtering>true</filtering>
        <directory>src/main/resources</directory>
      </resource>
    </resources>
    <plugins>
      <plugin>
        <artifactId>maven-compiler-plugin</artifactId>
        <version>3.8.1</version>
        <configuration>
          <source>${java.version}</source>
          <target>${java.version}</target>
        </configuration>
      </plugin>
      <plugin>
        <artifactId>maven-shade-plugin</artifactId>
        <version>3.2.4</version>
        <executions>
          <execution>
            <phase>package</phase>
            <goals>
              <goal>shade</goal>
            </goals>
          </execution>
        </executions>
      </plugin>
      <plugin>
        <artifactId>maven-source-plugin</artifactId>
        <version>3.2.1</version>
        <executions>
          <execution>
            <id>attach-sources</id>
            <goals>
              <goal>jar-no-fork</goal>
            </goals>
          </execution>
        </executions>
      </plugin>
      <plugin>
        <artifactId>maven-javadoc-plugin</artifactId>
        <version>3.3.1</version>
        <executions>
          <execution>
            <id>attach-javadocs</id>
            <goals>
              <goal>jar</goal>
            </goals>
          </execution>
        </executions>
      </plugin>
    </plugins>
  </build>
  <profiles>
    <profile>
      <id>release</id>
      <build>
        <plugins>
          <plugin>
            <artifactId>maven-gpg-plugin</artifactId>
            <version>3.0.1</version>
            <executions>
              <execution>
                <id>sign-artifacts</id>
                <phase>verify</phase>
                <goals>
                  <goal>sign</goal>
                </goals>
              </execution>
            </executions>
          </plugin>
        </plugins>
      </build>
    </profile>
  </profiles>
  <repositories>
    <repository>
      <id>papermc</id>
      <url>https://repo.papermc.io/repository/maven-public/</url>
    </repository>
    <repository>
      <id>sonatype</id>
      <url>https://oss.sonatype.org/content/groups/public/</url>
    </repository>
  </repositories>
  <dependencies>
    <dependency>
      <groupId>io.papermc.paper</groupId>
      <artifactId>paper-api</artifactId>
      <version>1.21.1-R0.1-SNAPSHOT</version>
      <scope>provided</scope>
    </dependency>
  </dependencies>
  <distributionManagement>
    <repository>
      <id>github</id>
      <name>GitHub Packages</name>
      <url>https://maven.pkg.github.com/Erik99948/ModLoader999</url>
    </repository>
  </distributionManagement>
  <properties>
    <java.version>21</java.version>
    <project.build.sourceEncoding>UTF-8</project.build.sourceEncoding>
  </properties>
</project>
